[{"model": "admin.logentry", "pk": 1, "fields": {"action_time": "2021-06-10T23:45:54.783Z", "user": 1, "content_type": 13, "object_id": "1", "object_repr": "graphics_card", "action_flag": 1, "change_message": "[{\"added\": {}}]"}}, {"model": "admin.logentry", "pk": 2, "fields": {"action_time": "2021-06-10T23:46:38.655Z", "user": 1, "content_type": 14, "object_id": "1", "object_repr": "NVIDIA GeForce RTX 3090 Founders Edition Graphics Card", "action_flag": 1, "change_message": "[{\"added\": {}}]"}}, {"model": "admin.logentry", "pk": 3, "fields": {"action_time": "2021-06-10T23:47:24.684Z", "user": 1, "content_type": 14, "object_id": "2", "object_repr": "MSI GeForce RTX 3080 SUPRIM X 10G Gaming Graphics Card", "action_flag": 1, "change_message": "[{\"added\": {}}]"}}, {"model": "admin.logentry", "pk": 4, "fields": {"action_time": "2021-06-10T23:47:58.161Z", "user": 1, "content_type": 14, "object_id": "3", "object_repr": "Gigabyte AORUS GeForce RTX 3070 MASTER 8GB Graphics Card", "action_flag": 1, "change_message": "[{\"added\": {}}]"}}, {"model": "admin.logentry", "pk": 5, "fields": {"action_time": "2021-06-10T23:48:32.165Z", "user": 1, "content_type": 14, "object_id": "4", "object_repr": "ASUS TUF Gaming NVIDIA GeForce RTX 3070 Graphics Card", "action_flag": 1, "change_message": "[{\"added\": {}}]"}}, {"model": "admin.logentry", "pk": 6, "fields": {"action_time": "2021-06-11T15:39:42.079Z", "user": 1, "content_type": 8, "object_id": "1", "object_repr": "jaewong19@hotmail.co.uk", "action_flag": 2, "change_message": "[{\"changed\": {\"fields\": [\"Verified\", \"Primary\"]}}]"}}, {"model": "admin.logentry", "pk": 7, "fields": {"action_time": "2021-06-11T15:43:42.695Z", "user": 1, "content_type": 14, "object_id": "5", "object_repr": "EVGA GeForce RTX 3060 XC Gaming Graphics Card", "action_flag": 1, "change_message": "[{\"added\": {}}]"}}, {"model": "admin.logentry", "pk": 8, "fields": {"action_time": "2021-06-11T15:47:14.632Z", "user": 1, "content_type": 13, "object_id": "2", "object_repr": "processor", "action_flag": 1, "change_message": "[{\"added\": {}}]"}}, {"model": "admin.logentry", "pk": 9, "fields": {"action_time": "2021-06-11T15:47:32.108Z", "user": 1, "content_type": 13, "object_id": "3", "object_repr": "memory", "action_flag": 1, "change_message": "[{\"added\": {}}]"}}, {"model": "admin.logentry", "pk": 10, "fields": {"action_time": "2021-06-11T15:47:40.557Z", "user": 1, "content_type": 13, "object_id": "4", "object_repr": "motherboard", "action_flag": 1, "change_message": "[{\"added\": {}}]"}}, {"model": "admin.logentry", "pk": 11, "fields": {"action_time": "2021-06-11T15:48:03.465Z", "user": 1, "content_type": 13, "object_id": "5", "object_repr": "storage", "action_flag": 1, "change_message": "[{\"added\": {}}]"}}, {"model": "admin.logentry", "pk": 12, "fields": {"action_time": "2021-06-11T15:48:14.736Z", "user": 1, "content_type": 13, "object_id": "6", "object_repr": "power_supply", "action_flag": 1, "change_message": "[{\"added\": {}}]"}}, {"model": "admin.logentry", "pk": 13, "fields": {"action_time": "2021-06-11T15:48:19.853Z", "user": 1, "content_type": 13, "object_id": "7", "object_repr": "case", "action_flag": 1, "change_message": "[{\"added\": {}}]"}}, {"model": "admin.logentry", "pk": 14, "fields": {"action_time": "2021-06-11T15:48:33.487Z", "user": 1, "content_type": 13, "object_id": "8", "object_repr": "mouse", "action_flag": 1, "change_message": "[{\"added\": {}}]"}}, {"model": "admin.logentry", "pk": 15, "fields": {"action_time": "2021-06-11T15:48:41.289Z", "user": 1, "content_type": 13, "object_id": "9", "object_repr": "keyboard", "action_flag": 1, "change_message": "[{\"added\": {}}]"}}, {"model": "admin.logentry", "pk": 16, "fields": {"action_time": "2021-06-11T15:48:47.933Z", "user": 1, "content_type": 13, "object_id": "10", "object_repr": "monitor", "action_flag": 1, "change_message": "[{\"added\": {}}]"}}, {"model": "admin.logentry", "pk": 17, "fields": {"action_time": "2021-06-11T15:48:56.102Z", "user": 1, "content_type": 13, "object_id": "11", "object_repr": "headset", "action_flag": 1, "change_message": "[{\"added\": {}}]"}}, {"model": "admin.logentry", "pk": 18, "fields": {"action_time": "2021-06-11T15:49:02.559Z", "user": 1, "content_type": 13, "object_id": "12", "object_repr": "headphones", "action_flag": 1, "change_message": "[{\"added\": {}}]"}}, {"model": "admin.logentry", "pk": 19, "fields": {"action_time": "2021-06-11T15:49:11.071Z", "user": 1, "content_type": 13, "object_id": "13", "object_repr": "speakers", "action_flag": 1, "change_message": "[{\"added\": {}}]"}}, {"model": "admin.logentry", "pk": 20, "fields": {"action_time": "2021-06-11T15:49:22.033Z", "user": 1, "content_type": 13, "object_id": "14", "object_repr": "desktop_pc", "action_flag": 1, "change_message": "[{\"added\": {}}]"}}, {"model": "admin.logentry", "pk": 21, "fields": {"action_time": "2021-06-11T15:49:35.693Z", "user": 1, "content_type": 13, "object_id": "15", "object_repr": "gaming_pc", "action_flag": 1, "change_message": "[{\"added\": {}}]"}}, {"model": "admin.logentry", "pk": 22, "fields": {"action_time": "2021-06-11T15:49:42.509Z", "user": 1, "content_type": 13, "object_id": "16", "object_repr": "laptop", "action_flag": 1, "change_message": "[{\"added\": {}}]"}}, {"model": "admin.logentry", "pk": 23, "fields": {"action_time": "2021-06-11T15:51:31.853Z", "user": 1, "content_type": 14, "object_id": "6", "object_repr": "AMD Ryzen 9 5900X Processor", "action_flag": 1, "change_message": "[{\"added\": {}}]"}}, {"model": "admin.logentry", "pk": 24, "fields": {"action_time": "2021-06-11T15:51:41.426Z", "user": 1, "content_type": 14, "object_id": "6", "object_repr": "AMD Ryzen 9 5900X Processor", "action_flag": 2, "change_message": "[{\"changed\": {\"fields\": [\"Image\"]}}]"}}, {"model": "admin.logentry", "pk": 25, "fields": {"action_time": "2021-06-11T15:54:08.620Z", "user": 1, "content_type": 14, "object_id": "7", "object_repr": "AMD Ryzen 5 5600X Processor", "action_flag": 1, "change_message": "[{\"added\": {}}]"}}, {"model": "admin.logentry", "pk": 26, "fields": {"action_time": "2021-06-11T15:58:03.210Z", "user": 1, "content_type": 14, "object_id": "6", "object_repr": "AMD Ryzen 9 5900X Processor", "action_flag": 2, "change_message": "[{\"changed\": {\"fields\": [\"Sku\"]}}]"}}, {"model": "admin.logentry", "pk": 27, "fields": {"action_time": "2021-06-11T15:58:08.858Z", "user": 1, "content_type": 14, "object_id": "7", "object_repr": "AMD Ryzen 5 5600X Processor", "action_flag": 2, "change_message": "[{\"changed\": {\"fields\": [\"Sku\"]}}]"}}, {"model": "admin.logentry", "pk": 28, "fields": {"action_time": "2021-06-11T16:02:13.843Z", "user": 1, "content_type": 14, "object_id": "8", "object_repr": "Intel Core i9-10900X Desktop Processor", "action_flag": 1, "change_message": "[{\"added\": {}}]"}}, {"model": "admin.logentry", "pk": 29, "fields": {"action_time": "2021-06-11T16:03:42.723Z", "user": 1, "content_type": 14, "object_id": "9", "object_repr": "Intel Core i7-10700K Desktop Processor", "action_flag": 1, "change_message": "[{\"added\": {}}]"}}, {"model": "admin.logentry", "pk": 30, "fields": {"action_time": "2021-06-11T16:11:25.135Z", "user": 1, "content_type": 14, "object_id": "10", "object_repr": "Corsair CMW16GX4M2C3200C16 Vengeance RGB PRO 16 GB (2 x 8 GB) DDR4 3200 MHz C16 XMP 2.0 Enthusiast RGB LED Illuminated Memory Kit - Black", "action_flag": 1, "change_message": "[{\"added\": {}}]"}}, {"model": "admin.logentry", "pk": 31, "fields": {"action_time": "2021-06-11T16:11:32.823Z", "user": 1, "content_type": 14, "object_id": "10", "object_repr": "Corsair CMW16GX4M2C3200C16 Vengeance RGB PRO 16 GB (2 x 8 GB) DDR4 3200 MHz C16 XMP 2.0 Enthusiast RGB LED Illuminated Memory Kit - Black", "action_flag": 2, "change_message": "[]"}}, {"model": "admin.logentry", "pk": 32, "fields": {"action_time": "2021-06-11T16:17:02.798Z", "user": 1, "content_type": 14, "object_id": "11", "object_repr": "MSI MPG X570 GAMING EDGE WIFI Motherboard ATX", "action_flag": 1, "change_message": "[{\"added\": {}}]"}}, {"model": "admin.logentry", "pk": 33, "fields": {"action_time": "2021-06-14T17:53:09.580Z", "user": 1, "content_type": 14, "object_id": "12", "object_repr": "Maxone 2.5'' Portable External Hard Drives 320GB-USB 3.0 HDD", "action_flag": 1, "change_message": "[{\"added\": {}}]"}}, {"model": "admin.logentry", "pk": 34, "fields": {"action_time": "2021-06-17T15:56:57.613Z", "user": 1, "content_type": 15, "object_id": "1", "object_repr": "AAB210F0EF414B1187FF684364BD560F", "action_flag": 2, "change_message": "[{\"deleted\": {\"name\": \"order line item\", \"object\": \"SKU MM00001 on order AAB210F0EF414B1187FF684364BD560F\"}}]"}}, {"model": "admin.logentry", "pk": 35, "fields": {"action_time": "2021-06-17T15:57:29.489Z", "user": 1, "content_type": 15, "object_id": "4", "object_repr": "7E8DFD146F2B43F6BE61B81FF545C6F0", "action_flag": 3, "change_message": ""}}, {"model": "admin.logentry", "pk": 36, "fields": {"action_time": "2021-06-17T15:57:29.525Z", "user": 1, "content_type": 15, "object_id": "3", "object_repr": "46560E589BC94ABF80DA9DA9EA26CC15", "action_flag": 3, "change_message": ""}}, {"model": "admin.logentry", "pk": 37, "fields": {"action_time": "2021-06-17T15:57:29.546Z", "user": 1, "content_type": 15, "object_id": "2", "object_repr": "95499D93CE974134858FC7F32BCD44CC", "action_flag": 3, "change_message": ""}}, {"model": "admin.logentry", "pk": 38, "fields": {"action_time": "2021-06-17T15:57:29.577Z", "user": 1, "content_type": 15, "object_id": "1", "object_repr": "AAB210F0EF414B1187FF684364BD560F", "action_flag": 3, "change_message": ""}}, {"model": "admin.logentry", "pk": 39, "fields": {"action_time": "2021-06-17T15:59:23.315Z", "user": 1, "content_type": 15, "object_id": "5", "object_repr": "AFF483EA2CAA4DC1BC87A0DF91E3BE8C", "action_flag": 2, "change_message": "[{\"changed\": {\"name\": \"order line item\", \"object\": \"SKU ST00001 on order AFF483EA2CAA4DC1BC87A0DF91E3BE8C\", \"fields\": [\"Quantity\"]}}]"}}, {"model": "admin.logentry", "pk": 40, "fields": {"action_time": "2021-06-17T15:59:30.582Z", "user": 1, "content_type": 15, "object_id": "5", "object_repr": "AFF483EA2CAA4DC1BC87A0DF91E3BE8C", "action_flag": 2, "change_message": "[{\"changed\": {\"name\": \"order line item\", \"object\": \"SKU GC00001 on order AFF483EA2CAA4DC1BC87A0DF91E3BE8C\", \"fields\": [\"Quantity\"]}}]"}}, {"model": "admin.logentry", "pk": 41, "fields": {"action_time": "2021-06-17T15:59:35.610Z", "user": 1, "content_type": 15, "object_id": "5", "object_repr": "AFF483EA2CAA4DC1BC87A0DF91E3BE8C", "action_flag": 2, "change_message": "[{\"changed\": {\"name\": \"order line item\", \"object\": \"SKU GC00001 on order AFF483EA2CAA4DC1BC87A0DF91E3BE8C\", \"fields\": [\"Quantity\"]}}, {\"changed\": {\"name\": \"order line item\", \"object\": \"SKU MM00001 on order AFF483EA2CAA4DC1BC87A0DF91E3BE8C\", \"fields\": [\"Quantity\"]}}]"}}, {"model": "admin.logentry", "pk": 42, "fields": {"action_time": "2021-06-17T15:59:41.509Z", "user": 1, "content_type": 15, "object_id": "5", "object_repr": "AFF483EA2CAA4DC1BC87A0DF91E3BE8C", "action_flag": 2, "change_message": "[{\"changed\": {\"name\": \"order line item\", \"object\": \"SKU ST00001 on order AFF483EA2CAA4DC1BC87A0DF91E3BE8C\", \"fields\": [\"Quantity\"]}}]"}}, {"model": "admin.logentry", "pk": 43, "fields": {"action_time": "2021-06-17T15:59:51.646Z", "user": 1, "content_type": 15, "object_id": "5", "object_repr": "AFF483EA2CAA4DC1BC87A0DF91E3BE8C", "action_flag": 2, "change_message": "[{\"deleted\": {\"name\": \"order line item\", \"object\": \"SKU ST00001 on order AFF483EA2CAA4DC1BC87A0DF91E3BE8C\"}}, {\"deleted\": {\"name\": \"order line item\", \"object\": \"SKU GC00001 on order AFF483EA2CAA4DC1BC87A0DF91E3BE8C\"}}, {\"deleted\": {\"name\": \"order line item\", \"object\": \"SKU MM00001 on order AFF483EA2CAA4DC1BC87A0DF91E3BE8C\"}}]"}}, {"model": "admin.logentry", "pk": 44, "fields": {"action_time": "2021-06-17T16:00:02.206Z", "user": 1, "content_type": 15, "object_id": "5", "object_repr": "AFF483EA2CAA4DC1BC87A0DF91E3BE8C", "action_flag": 3, "change_message": ""}}, {"model": "admin.logentry", "pk": 45, "fields": {"action_time": "2021-06-18T18:17:19.939Z", "user": 1, "content_type": 15, "object_id": "17", "object_repr": "B3140B8EDC7A4342BF2D6DDE7C3ED034", "action_flag": 3, "change_message": ""}}, {"model": "admin.logentry", "pk": 46, "fields": {"action_time": "2021-06-18T18:17:19.973Z", "user": 1, "content_type": 15, "object_id": "16", "object_repr": "1C44C221C9DF4C3094A7D2D3F040A922", "action_flag": 3, "change_message": ""}}, {"model": "admin.logentry", "pk": 47, "fields": {"action_time": "2021-06-18T18:17:20.003Z", "user": 1, "content_type": 15, "object_id": "14", "object_repr": "C5DDBE0302AE42F8A9EC7EE93180D81A", "action_flag": 3, "change_message": ""}}, {"model": "admin.logentry", "pk": 48, "fields": {"action_time": "2021-06-18T18:17:20.023Z", "user": 1, "content_type": 15, "object_id": "13", "object_repr": "7E4A70941BF14E0EA3DD6A0EDB7F4ADC", "action_flag": 3, "change_message": ""}}, {"model": "admin.logentry", "pk": 49, "fields": {"action_time": "2021-06-18T18:17:20.043Z", "user": 1, "content_type": 15, "object_id": "12", "object_repr": "3E1CE2A7D3AF4E5BBCB538EF6D7C765E", "action_flag": 3, "change_message": ""}}, {"model": "admin.logentry", "pk": 50, "fields": {"action_time": "2021-06-18T18:17:20.063Z", "user": 1, "content_type": 15, "object_id": "11", "object_repr": "849A8257926A46498F5850F7DA3197BC", "action_flag": 3, "change_message": ""}}, {"model": "admin.logentry", "pk": 51, "fields": {"action_time": "2021-06-18T18:17:20.083Z", "user": 1, "content_type": 15, "object_id": "10", "object_repr": "D25DC0D30E4F4FAA968DD95AF03651A2", "action_flag": 3, "change_message": ""}}, {"model": "admin.logentry", "pk": 52, "fields": {"action_time": "2021-06-18T18:17:20.113Z", "user": 1, "content_type": 15, "object_id": "9", "object_repr": "9E610A61C0264836A51507DE34C6F851", "action_flag": 3, "change_message": ""}}, {"model": "admin.logentry", "pk": 53, "fields": {"action_time": "2021-06-18T18:17:20.134Z", "user": 1, "content_type": 15, "object_id": "8", "object_repr": "43D18D9E5B044FAA8E0E0FE63A62BF7B", "action_flag": 3, "change_message": ""}}, {"model": "admin.logentry", "pk": 54, "fields": {"action_time": "2021-06-18T18:17:20.154Z", "user": 1, "content_type": 15, "object_id": "7", "object_repr": "0580F8CE7B1D4B8295B03A541C70404D", "action_flag": 3, "change_message": ""}}, {"model": "admin.logentry", "pk": 55, "fields": {"action_time": "2021-06-18T18:17:20.184Z", "user": 1, "content_type": 15, "object_id": "6", "object_repr": "475992FB0A0444CABF02CB8D0909C186", "action_flag": 3, "change_message": ""}}, {"model": "admin.logentry", "pk": 56, "fields": {"action_time": "2021-06-20T18:42:26.716Z", "user": 1, "content_type": 14, "object_id": "14", "object_repr": "test2", "action_flag": 3, "change_message": ""}}, {"model": "admin.logentry", "pk": 57, "fields": {"action_time": "2021-06-20T18:42:26.755Z", "user": 1, "content_type": 14, "object_id": "13", "object_repr": "test", "action_flag": 3, "change_message": ""}}, {"model": "admin.logentry", "pk": 58, "fields": {"action_time": "2021-06-20T18:51:51.998Z", "user": 1, "content_type": 14, "object_id": "13", "object_repr": "test", "action_flag": 3, "change_message": ""}}, {"model": "admin.logentry", "pk": 59, "fields": {"action_time": "2021-06-21T18:12:08.393Z", "user": 1, "content_type": 18, "object_id": "1", "object_repr": "ProductReview object (1)", "action_flag": 1, "change_message": "[{\"added\": {}}]"}}, {"model": "admin.logentry", "pk": 60, "fields": {"action_time": "2021-06-21T18:39:19.100Z", "user": 1, "content_type": 18, "object_id": "2", "object_repr": "ProductReview object (2)", "action_flag": 1, "change_message": "[{\"added\": {}}]"}}, {"model": "admin.logentry", "pk": 61, "fields": {"action_time": "2021-06-21T19:12:10.044Z", "user": 1, "content_type": 14, "object_id": "1", "object_repr": "NVIDIA GeForce RTX 3090 Founders Edition Graphics Card", "action_flag": 2, "change_message": "[{\"changed\": {\"fields\": [\"Rating\"]}}]"}}, {"model": "admin.logentry", "pk": 62, "fields": {"action_time": "2021-06-21T19:12:16.205Z", "user": 1, "content_type": 14, "object_id": "2", "object_repr": "MSI GeForce RTX 3080 SUPRIM X 10G Gaming Graphics Card", "action_flag": 2, "change_message": "[{\"changed\": {\"fields\": [\"Rating\"]}}]"}}, {"model": "admin.logentry", "pk": 63, "fields": {"action_time": "2021-06-21T19:12:22.135Z", "user": 1, "content_type": 14, "object_id": "3", "object_repr": "Gigabyte AORUS GeForce RTX 3070 MASTER 8GB Graphics Card", "action_flag": 2, "change_message": "[{\"changed\": {\"fields\": [\"Rating\"]}}]"}}, {"model": "admin.logentry", "pk": 64, "fields": {"action_time": "2021-06-21T19:12:27.273Z", "user": 1, "content_type": 14, "object_id": "4", "object_repr": "ASUS TUF Gaming NVIDIA GeForce RTX 3070 Graphics Card", "action_flag": 2, "change_message": "[{\"changed\": {\"fields\": [\"Rating\"]}}]"}}, {"model": "admin.logentry", "pk": 65, "fields": {"action_time": "2021-06-21T19:12:32.065Z", "user": 1, "content_type": 14, "object_id": "5", "object_repr": "EVGA GeForce RTX 3060 XC Gaming Graphics Card", "action_flag": 2, "change_message": "[{\"changed\": {\"fields\": [\"Rating\"]}}]"}}, {"model": "admin.logentry", "pk": 66, "fields": {"action_time": "2021-06-21T19:12:37.082Z", "user": 1, "content_type": 14, "object_id": "11", "object_repr": "MSI MPG X570 GAMING EDGE WIFI Motherboard ATX", "action_flag": 2, "change_message": "[{\"changed\": {\"fields\": [\"Rating\"]}}]"}}, {"model": "admin.logentry", "pk": 67, "fields": {"action_time": "2021-06-21T19:12:41.404Z", "user": 1, "content_type": 14, "object_id": "10", "object_repr": "Corsair CMW16GX4M2C3200C16 Vengeance RGB PRO 16 GB (2 x 8 GB) DDR4 3200 MHz C16 XMP 2.0 Enthusiast RGB LED Illuminated Memory Kit - Black", "action_flag": 2, "change_message": "[{\"changed\": {\"fields\": [\"Rating\"]}}]"}}, {"model": "admin.logentry", "pk": 68, "fields": {"action_time": "2021-06-21T19:12:46.904Z", "user": 1, "content_type": 14, "object_id": "6", "object_repr": "AMD Ryzen 9 5900X Processor", "action_flag": 2, "change_message": "[{\"changed\": {\"fields\": [\"Rating\"]}}]"}}, {"model": "admin.logentry", "pk": 69, "fields": {"action_time": "2021-06-21T19:12:50.913Z", "user": 1, "content_type": 14, "object_id": "7", "object_repr": "AMD Ryzen 5 5600X Processor", "action_flag": 2, "change_message": "[{\"changed\": {\"fields\": [\"Rating\"]}}]"}}, {"model": "admin.logentry", "pk": 70, "fields": {"action_time": "2021-06-21T19:12:57.042Z", "user": 1, "content_type": 14, "object_id": "8", "object_repr": "Intel Core i9-10900X Desktop Processor", "action_flag": 2, "change_message": "[{\"changed\": {\"fields\": [\"Rating\"]}}]"}}, {"model": "admin.logentry", "pk": 71, "fields": {"action_time": "2021-06-21T19:13:01.599Z", "user": 1, "content_type": 14, "object_id": "9", "object_repr": "Intel Core i7-10700K Desktop Processor", "action_flag": 2, "change_message": "[{\"changed\": {\"fields\": [\"Rating\"]}}]"}}, {"model": "admin.logentry", "pk": 72, "fields": {"action_time": "2021-06-21T19:13:05.730Z", "user": 1, "content_type": 14, "object_id": "12", "object_repr": "Maxone 2.5'' Portable External Hard Drives 320GB-USB 3.0 HDD", "action_flag": 2, "change_message": "[{\"changed\": {\"fields\": [\"Rating\"]}}]"}}, {"model": "auth.user", "pk": 1, "fields": {"password": "pbkdf2_sha256$260000$CXPpkn6TP2TC6jAy66d4Zf$80c1QwK7PN/xwdNhVH9BuyuSMy8P48VOR7/Oo5giytk=", "last_login": "2021-06-21T19:05:01.517Z", "is_superuser": true, "username": "jaewong", "first_name": "", "last_name": "", "email": "jaewong19@hotmail.co.uk", "is_staff": true, "is_active": true, "date_joined": "2021-06-10T23:43:44.202Z", "groups": [], "user_permissions": []}}, {"model": "auth.user", "pk": 2, "fields": {"password": "pbkdf2_sha256$260000$Cb9nll3K981PBhorGGP3C3$XG3jFJrfr46fs8sesvq321YjVepuEwA2Fyb+67LSZ9w=", "last_login": "2021-06-20T20:15:28.201Z", "is_superuser": false, "username": "test1", "first_name": "", "last_name": "", "email": "test@test.com", "is_staff": false, "is_active": true, "date_joined": "2021-06-18T16:59:23.379Z", "groups": [], "user_permissions": []}}, {"model": "auth.user", "pk": 3, "fields": {"password": "pbkdf2_sha256$260000$CQubi4bzIiMzSh4VTV231o$AZQnSqBj2HmvZ0TkFbKAw3hAbhwbPFCvhjaO/zVG7ao=", "last_login": "2021-06-18T18:40:53.547Z", "is_superuser": false, "username": "test2", "first_name": "", "last_name": "", "email": "aaa@aa.com", "is_staff": false, "is_active": true, "date_joined": "2021-06-18T18:40:35.474Z", "groups": [], "user_permissions": []}}, {"model": "sessions.session", "pk": "1b154s22d8qasztpc04z2n1i7louug8u", "fields": {"session_data": "e30:1luHJP:eujxOr2W4ty7QTMFBMaW_Ndicezvd82YH2IQ-WJLhMQ", "expire_date": "2021-07-02T16:25:43.941Z"}}, {"model": "sessions.session", "pk": "30icm7jqz2vxbf6a5xshwn29yr9moerr", "fields": {"session_data": "e30:1luHLY:-XzK7ucUcEfYD_tUzDCd4zl_RunJLhEQrJlAmZcxAIA", "expire_date": "2021-07-02T16:27:56.304Z"}}, {"model": "sessions.session", "pk": "3g3y7kfpnnowu358nsp9a3vt5blmc1yw", "fields": {"session_data": "e30:1luHlE:LzOt-ojbpwdrsVl8XMqJse54opeqlF8ovd0m5148ghs", "expire_date": "2021-07-02T16:54:28.223Z"}}, {"model": "sessions.session", "pk": "8u496oseswio01jl5kzpffosm2j5qnls", "fields": {"session_data": ".eJxVj8tuwyAQRX8FzRpZmAKmXnbfVZZxhAYYPxLXjowtJYry78WSF-323HPvaF7gcFt7tyVa3BChhhL4X-Yx3Gjag3jFqZuLME_rMvhiV4ojTcX3HGn8Otx_Az2mPrcr8p8itkrY1iphKGjSGGwrjBVktAnGV1IGVC1VBq0nS96iVEbpKDTKfTRRSsM8OXrch-UJteDgsYP6BeUH1JJDqaAu39n8ySZ2lPLh87kB564p9w7aAGeCM6k5a-C0hZBxu43jk-UfaKXIJLsvc9zCmooGLhd4_wKl7F_v:1lv2Oo:Hn8_oOILmF0h-swEdE5WMxYDT7igcRp58_Rany6o1Z8", "expire_date": "2021-07-04T18:42:26.821Z"}}, {"model": "sessions.session", "pk": "cf1wzt16m11e85nub3scn5axtvc18yjt", "fields": {"session_data": "e30:1luHYN:oLMov3D6q8yfknwiONeVmKZ0P9o6s3_eGR15RsngSK0", "expire_date": "2021-07-02T16:41:11.984Z"}}, {"model": "sessions.session", "pk": "ey6uyv7c3c2yzkcv3wbvy1mflb7xkyfn", "fields": {"session_data": ".eJxVjsFuwyAQRH8F7dmyMAVMfey9pxzjCC2w2ElcExlzqKL8e4mUSu31zczbvYPFss-2ZNrsOcAAHTR_mUN_pfUZhAuuU2p9Wvft7NpnpX2luf1MgZaPV_efYMY813VP7p2HKLmJRnJNXpFCbyLXhpNW2mvXC-FRRuo1GkeGnEEhtVSBKxRV6nCC4Q7dGwzdo974opxxolztx-MI1l5yWn_pCA3jDROqYSMcivcVx7Is36w-SjsF1rHblkLxezvC6QSPH6DpVv0:1lv2Xw:S8mi6NVCnHEs05QMEOyaJbjv5mERgVZs3-fdddn4YuU", "expire_date": "2021-07-04T18:51:52.062Z"}}, {"model": "sessions.session", "pk": "fbac9p3q268f2gqjz8nibudhwhzqcfvz", "fields": {"session_data": "e30:1luHJd:sdjXzm7Hk6mK5zChGLXK6EbHDPRZsOVGTV-obMhsUew", "expire_date": "2021-07-02T16:25:57.343Z"}}, {"model": "sessions.session", "pk": "gd9l6j9wsfilc9orvsf5nymnzyxwqtbn", "fields": {"session_data": "e30:1luHld:dZ_dhWjU3VVkHbTS2My-BWdASHM0xl_Cn9jWnrjufck", "expire_date": "2021-07-02T16:54:53.038Z"}}, {"model": "sessions.session", "pk": "gy8ud0zikg90s3jy7wcnfczv0h3lhimr", "fields": {"session_data": ".eJxVjMEOwiAQBf-FsyGU0pbt0bvfQFhYLGqggTbRGP_dNulBrzPz3psZuy6TWSsVEz0bmWSnX4bW3Sntwt9sumbuclpKRL4n_LCVX7Knx_lo_w4mW6dtDdi7LrQOoNNSC6KhCSh1cBAENRJRdMFJFbxQtlEt-n4DIAmUGECrYT-tVGvMydBzjuXFRvH5ApIKPvM:1lv3qq:yFJljNHQm2pQY6xDAS35wTBFQv1QxjM46Cz_7E3wzp0", "expire_date": "2021-07-04T20:15:28.359Z"}}, {"model": "sessions.session", "pk": "iahj0x9hd8mbxtvy4ogu6yilmcxbv36p", "fields": {"session_data": "e30:1luHMU:NCe_mvtDCTin03FdK9HXT4kaS4JWojzd1sOQ9x4cQis", "expire_date": "2021-07-02T16:28:54.629Z"}}, {"model": "sessions.session", "pk": "k4c0w29f7pqa4a27x7g6ha369hfxve6l", "fields": {"session_data": "eyJiYWciOnsiNCI6MSwiMTAiOjF9fQ:1lsAAG:HMxTUIECMLA4d3NJdO1mgQR1ITozRiIEBqyLo56OLOk", "expire_date": "2021-06-26T20:23:32.687Z"}}, {"model": "sessions.session", "pk": "kamp8sghp74ojl19kz0uxt2bf8l4jv9x", "fields": {"session_data": ".eJxVjEEOwiAQRe_C2pCRwBS7dO8ZyACDRQ0YaBON8e7apAvd_vf-ewlHyzy5pXNzOYpR7MXud_MUrlxWEC9UzlWGWuaWvVwVudEuTzXy7bi5f4GJ-vR9D-wPEJMGm6wG5GDYULAJ0AKjwYB-UCqQTjwgWc-WvSWlUZsIhtQa7dx7rsXx457bU4zw_gCjAj97:1luMgT:H16O-mFLg16Sbv5-gPMz84yGa6EBMWzl5QRfU-uLVS4", "expire_date": "2021-07-02T22:09:53.210Z"}}, {"model": "sessions.session", "pk": "nnabv3z01u9d5kjvkjjch6okpahemrb4", "fields": {"session_data": "eyJiYWciOnsiMSI6NywiMyI6MywiOSI6MX19:1ls9XF:FaYuDyrBZEIEbgbs2pHiBm0uQ0_F5u3qjNwvcsD6pNM", "expire_date": "2021-06-26T19:43:13.159Z"}}, {"model": "sessions.session", "pk": "pbp7q56omr8g4rb0c4i2v20c5e3iw59e", "fields": {"session_data": "e30:1luHJw:iB6BdhoU7EBBKo69okjpWlMOGrKNWKNTxP0CNMETYTg", "expire_date": "2021-07-02T16:26:16.079Z"}}, {"model": "sessions.session", "pk": "uckbaxqzspsjad2gfxtlqu4wp1lgi7dl", "fields": {"session_data": "e30:1luHmg:fT0jkwntyl62fLgepGA2v0Lmy_hEquNXfPbw6uSAHck", "expire_date": "2021-07-02T16:55:58.160Z"}}, {"model": "sessions.session", "pk": "vo2ningjr3p3k4p5wp4f6knh5pbo0juk", "fields": {"session_data": "e30:1luHko:Qy83yxUyw90RrP99HaGd_DNhZm4pU7J_FQKHIML4ILs", "expire_date": "2021-07-02T16:54:02.813Z"}}, {"model": "sessions.session", "pk": "xfjkg1fh80a2o1rsk17auwoznwbpaktb", "fields": {"session_data": ".eJxVjEEOwiAQRe_C2pCRwBS7dO8ZyACDRQ0YaBON8e7apAvd_vf-ewlHyzy5pXNzOYpR7MXud_MUrlxWEC9UzlWGWuaWvVwVudEuTzXy7bi5f4GJ-vR9D-wPEJMGm6wG5GDYULAJ0AKjwYB-UCqQTjwgWc-WvSWlUZsIhtQa7dx7rsXx457bU4zw_gCjAj97:1lvRmd:fy-v5Lpwh2NPOofUKC32eoFV7CCdn7if3Vwy4FjGHSU", "expire_date": "2021-07-05T21:48:43.818Z"}}, {"model": "sessions.session", "pk": "zaeur205pplasw3cbqjeyifgwnrj4jmr", "fields": {"session_data": "eyJiYWciOnsiMyI6MiwiNiI6NCwiMiI6MX19:1lsAnB:KWzpxhwI6eYBDOlcm35LfbmPeO43WdHlinBxMwUVKGE", "expire_date": "2021-06-26T21:03:45.590Z"}}, {"model": "sessions.session", "pk": "zr3f0s2822c62u9djevoih05n6c1csti", "fields": {"session_data": ".eJxVjMEOwiAQBf9lz4ZQKIX06N1vILAsghowpU1qjP9um_TS68y89wXbqLVci6X1nacPjPwC1i1zskujyeYAI3RwYt7hk8ouwsOVe2VYyzxlz_aEHbaxWw30uh7t6SC5lrY1EWmjo_C6G3jUErn2EYVyQgZFg5IbFarvkZBjQNkbZzozaIXcyyAIfn8VHj87:1lrjFw:Nw_75FV-6ET6HJWRrGFcGg29q390HUa0XN5FFHAiZFo", "expire_date": "2021-06-25T15:39:36.266Z"}}, {"model": "sites.site", "pk": 1, "fields": {"domain": "example.com", "name": "example.com"}}, {"model": "account.emailaddress", "pk": 1, "fields": {"user": 1, "email": "jaewong19@hotmail.co.uk", "verified": true, "primary": true}}, {"model": "account.emailaddress", "pk": 2, "fields": {"user": 2, "email": "test@test.com", "verified": true, "primary": true}}, {"model": "account.emailaddress", "pk": 3, "fields": {"user": 3, "email": "aaa@aa.com", "verified": true, "primary": true}}, {"model": "products.category", "pk": 1, "fields": {"name": "graphics_card", "friendly_name": "Graphics Card"}}, {"model": "products.category", "pk": 2, "fields": {"name": "processor", "friendly_name": "Processor"}}, {"model": "products.category", "pk": 3, "fields": {"name": "memory", "friendly_name": "Memory"}}, {"model": "products.category", "pk": 4, "fields": {"name": "motherboard", "friendly_name": "Motherboard"}}, {"model": "products.category", "pk": 5, "fields": {"name": "storage", "friendly_name": "Storage"}}, {"model": "products.category", "pk": 6, "fields": {"name": "power_supply", "friendly_name": "Power Supply"}}, {"model": "products.category", "pk": 7, "fields": {"name": "case", "friendly_name": "Case"}}, {"model": "products.category", "pk": 8, "fields": {"name": "mouse", "friendly_name": "Mouse"}}, {"model": "products.category", "pk": 9, "fields": {"name": "keyboard", "friendly_name": "Keyboard"}}, {"model": "products.category", "pk": 10, "fields": {"name": "monitor", "friendly_name": "Monitor"}}, {"model": "products.category", "pk": 11, "fields": {"name": "headset", "friendly_name": "Headset"}}, {"model": "products.category", "pk": 12, "fields": {"name": "headphones", "friendly_name": "Headphones"}}, {"model": "products.category", "pk": 13, "fields": {"name": "speakers", "friendly_name": "Speakers"}}, {"model": "products.category", "pk": 14, "fields": {"name": "desktop_pc", "friendly_name": "Desktop PC"}}, {"model": "products.category", "pk": 15, "fields": {"name": "gaming_pc", "friendly_name": "Gaming PC"}}, {"model": "products.category", "pk": 16, "fields": {"name": "laptop", "friendly_name": "Laptop"}}, {"model": "products.product", "pk": 1, "fields": {"category": 1, "sku": "GC00001", "name": "NVIDIA GeForce RTX 3090 Founders Edition Graphics Card", "description": "NVIDIA GeForce RTX 3090 Founders Edition Graphics Card. The ultimate graphics card for gamers and content creators.", "length": "39.70", "width": "20.50", "height": "9.50", "weight": "3.30", "price": "1400.00", "rating": null, "image_url": "https://images-na.ssl-images-amazon.com/images/I/61wbV8oqAbL._AC_SL1500_.jpg", "image": "3090feV2_enlw0SE.png"}}, {"model": "products.product", "pk": 2, "fields": {"category": 1, "sku": "GC00002", "name": "MSI GeForce RTX 3080 SUPRIM X 10G Gaming Graphics Card", "description": "MSI GeForce RTX 3080 SUPRIM X 10G Gaming Graphics Card - RTX 3080, TRI FROZR 2S, TORX Fan 4.0, 10GB GDDR6X, 320 Bit, PCI Express Gen 4, DisplayPort v1.4a, HDMI 2.1, Zero Frozr, 4K Resolution\r\n\r\nSeries\tGeForce RTX 3080 SUPRIM X 10G\r\nBrand\tMSI\r\nGraphics co-processor\tNVIDIA GeForce RTX 3080\r\nGraphics Chipset Brand\tNVIDIA\r\nGraphics RAM type\tGDDR6\r\nGraphics RAM size\t10 GB\r\nMemory clock speed\t1815 MHz\r\nGPU clock speed\t1905 MHz\r\nGraphics card interface\tPCI-E", "length": "32.30", "width": "14.00", "height": "5.60", "weight": "2.00", "price": "850.00", "rating": null, "image_url": "https://www.scan.co.uk/images/products/super/3236805-l-a.jpg", "image": "msi3080_z232sOu.jpg"}}, {"model": "products.product", "pk": 3, "fields": {"category": 1, "sku": "GC00003", "name": "Gigabyte AORUS GeForce RTX 3070 MASTER 8GB Graphics Card", "description": "Gigabyte AORUS GeForce RTX 3070 MASTER 8GB Graphics Card\r\n\r\nBrand\tGigabyte\r\nGraphics co-processor\tNVIDIA GeForce RTX 2080 Ti\r\nVideo output interface\tDisplayPort, HDMI\r\nGraphics Chipset Brand\tNVIDIA\r\nGraphics RAM type\tGDDR6\r\nGraphics RAM size\t8 GB\r\nMemory clock speed\t14000 MHz\r\nGPU clock speed\t1845 MHz\r\nGraphics card interface\tPCI-Express x16\r\nDisplay resolution maximum", "length": "29.00", "width": "13.10", "height": "6.00", "weight": "1.30", "price": "500.00", "rating": null, "image_url": "https://images-na.ssl-images-amazon.com/images/I/71If%2BMn0ByL._AC_SL1500_.jpg", "image": "gigabyte3070_qVzgzot.jpg"}}, {"model": "products.product", "pk": 4, "fields": {"category": 1, "sku": "GC00004", "name": "ASUS TUF Gaming NVIDIA GeForce RTX 3070 Graphics Card", "description": "Brand\tASUS\r\nGraphics co-processor\tNVIDIA GeForce RTX 3070\r\nGraphics Chipset Brand\tNVIDIA\r\nGraphics RAM type\tGDDR6\r\nGraphics RAM size\t8 GB\r\nMemory clock speed\t1725 MHz\r\nGPU clock speed\t1815 MHz\r\nGraphics card interface\tPCI-E\r\nFan count\t3", "length": "30.00", "width": "12.70", "height": "5.20", "weight": "1.20", "price": "450.00", "rating": null, "image_url": "https://images-na.ssl-images-amazon.com/images/I/81TKmdzOGRL._AC_SL1500_.jpg", "image": "tuf3070_XSd4Apq.jpg"}}, {"model": "products.product", "pk": 5, "fields": {"category": 1, "sku": "GC00005", "name": "EVGA GeForce RTX 3060 XC Gaming Graphics Card", "description": "12GB GDDR6/PCI Express 4.0/1882MHz/15000MHz. \r\n\r\nBrand\tEVGA\r\nGraphics co-processor\tNVIDIA GeForce RTX 3060\r\nGraphics Chipset Brand\tNVIDIA\r\nGraphics RAM type\tGDDR6\r\nGraphics RAM size\t12 GB\r\nMemory clock speed\t15000 MHz\r\nGPU clock speed\t1882 MHz\r\nGraphics card interface\tPCI-E", "length": "28.00", "width": "16.00", "height": "8.00", "weight": "0.90", "price": "350.00", "rating": null, "image_url": "https://images-na.ssl-images-amazon.com/images/I/51UQV9pUDjL._AC_.jpg", "image": "evga3060.jpg"}}, {"model": "products.product", "pk": 6, "fields": {"category": 2, "sku": "PR00001", "name": "AMD Ryzen 9 5900X Processor", "description": "12C/24T, 70MB Cache, up to 4.8 GHz Max Boost.\r\nBrand\tAMD\r\nCPU model\tRyzen 9\r\nCPU speed\t3.7 GHz\r\nCPU socket\tSocket AM4\r\nProcessor count\t12\r\nCache size\t70\r\nSecondary cache\t4 MB\r\nWattage\t105 watts\r\nPlatform\tLinux, Windows\r\nCPU manufacturer\tAMD", "length": "4.00", "width": "4.00", "height": "0.60", "weight": "0.10", "price": "510.00", "rating": null, "image_url": "https://images-na.ssl-images-amazon.com/images/I/616VM20%2BAzL._AC_SL1384_.jpg", "image": "r9-5900x.jpg"}}, {"model": "products.product", "pk": 7, "fields": {"category": 2, "sku": "PR00002", "name": "AMD Ryzen 5 5600X Processor", "description": "6C/12T, 35MB Cache, up to 4.6 GHz Max Boost.\r\n\r\nBrand\tAMD\r\nCPU model\tRyzen 5\r\nCPU speed\t3.7 GHz\r\nCPU socket\tSocket AM4\r\nProcessor count\t6\r\nCache size\t35\r\nSecondary cache\t4 MB\r\nWattage\t65 watts\r\nPlatform\tLinux, Windows\r\nCPU manufacturer\tAMD", "length": "4.00", "width": "4.00", "height": "0.60", "weight": "0.10", "price": "260.00", "rating": null, "image_url": "https://images-na.ssl-images-amazon.com/images/I/61vGQNUEsGL._AC_SL1384_.jpg", "image": "r5-5600x.jpg"}}, {"model": "products.product", "pk": 8, "fields": {"category": 2, "sku": "PR00003", "name": "Intel Core i9-10900X Desktop Processor", "description": "Intel Core i9-10900X Desktop Processor 10 Cores up to 4.7GHz Unlocked LGA2066 X299 Series 165W (BX8069510900X)", "length": "5.30", "width": "5.00", "height": "0.60", "weight": "0.10", "price": "535.00", "rating": null, "image_url": "https://images-na.ssl-images-amazon.com/images/I/61mBrF1jNuL._AC_SL1500_.jpg", "image": "i9-10900x.jpg"}}, {"model": "products.product", "pk": 9, "fields": {"category": 2, "sku": "PR00004", "name": "Intel Core i7-10700K Desktop Processor", "description": "Intel Core i7-10700K Desktop Processor 8 Cores up to 5.1 GHz Unlocked  LGA1200 (Intel 400 Series Chipset) 125W (BX8070110700K).\r\n\r\nBrand\tIntel\r\nCPU model\tCore i7-4980HQ\r\nCPU speed\t38 GHz\r\nProcessor count\t8\r\nCache size\t16\r\nWattage\t125 watts\r\nCPU manufacturer\tIntel", "length": "5.30", "width": "5.00", "height": "0.60", "weight": "0.10", "price": "295.00", "rating": null, "image_url": "https://images-na.ssl-images-amazon.com/images/I/61ezSHv-tLL._AC_SL1500_.jpg", "image": "i7-10700k.jpg"}}, {"model": "products.product", "pk": 10, "fields": {"category": 3, "sku": "MM00001", "name": "Corsair CMW16GX4M2C3200C16 Vengeance RGB PRO 16 GB (2 x 8 GB) DDR4 3200 MHz C16 XMP 2.0 Enthusiast RGB LED Illuminated Memory Kit - Black", "description": "Dynamic multi-zone RGB lighting: 10 ultra-bright RGB LEDs per module. SPD Speed : 2133 MHz\r\nCustom performance PCB: Provides the highest signal quality for the greatest level of performance and stability.\r\nTightly screened memory: Carefully screened ICs for extended overclocking potential. Compatibility: Intel 100 Series,Intel 200 Series,Intel 300 Series,Intel X299,AMD 300 Series,AMD 400 Series\r\nMaximum bandwidth and tight response times: Optimized for peak performance on the latest Intel and AMD DDR4 motherboards.\r\nNext generation software: Take control in Corsair iCUE software and synchronize lighting with other Corsair RGB products, including CPU coolers, keyboards and fans; also supported by gigabyte RGB fusion and MSI mystic light.", "length": "13.90", "width": "5.08", "height": "0.76", "weight": "0.12", "price": "89.00", "rating": null, "image_url": "https://images-na.ssl-images-amazon.com/images/I/81prSLYZ8XL._AC_SL1500_.jpg", "image": "corsiar-vengeance-16gb-3200.jpg"}}, {"model": "products.product", "pk": 11, "fields": {"category": 4, "sku": "MB00001", "name": "MSI MPG X570 GAMING EDGE WIFI Motherboard ATX", "description": "MSI MPG X570 GAMING EDGE WIFI Motherboard ATX, AM4, DDR4, LAN and 802.11AC WIFI, USB 3.2 Gen2, Type-C, M.2, RGB Mystic Light, HDMI, AMD RYZEN 2nd and 3rd Gen.\r\n\r\nSupports 2nd and 3rd Gen AMD Ryzen/ Ryzen with Radeon Vega Graphics and 2nd Gen AMD Ryzen with Radeon graphics Desktop processors AM4 Socket.\r\nSupports DDR4 Memory, up to 4800+(oc) MHz.\r\nMystic Light Infinity II: customize and set up your own colour scheme with MSI Mystic Light, Combining exclusive mirror reflection to generate the special endless light effects, The godlike makes your system come alive and Infinity.\r\nDynamic Dashboard: built-in dynamic panel that indicates the status of godlike and shows off your own personality.\r\nLightning Fast Game experience: PCIe 4.0, triple Lightning Gen4 x4 M.2 with M.2 Shield Frozr, StoreMI, AMD Turbo USB 3.2 Gen2.\r\nOperating System : Support for Windows 10 64-bit.", "length": "34.20", "width": "26.80", "height": "8.60", "weight": "1.36", "price": "169.00", "rating": null, "image_url": "https://images-na.ssl-images-amazon.com/images/I/81OX%2Bs8aE7L._AC_SL1500_.jpg", "image": "msi-mpg-x570.jpg"}}, {"model": "products.product", "pk": 12, "fields": {"category": 5, "sku": "ST00001", "name": "Maxone 2.5'' Portable External Hard Drives 320GB-USB 3.0 HDD", "description": "2.5'' Portable External Hard Drives 320GB-USB 3.0 HDD Backup Storage for PC, Desktop, Laptop, Mac, MacBook, Xbox One, PS4, TV, Chromebook, Windows - Black", "length": "12.00", "width": "8.60", "height": "1.00", "weight": "0.50", "price": "29.00", "rating": null, "image_url": "https://images-na.ssl-images-amazon.com/images/I/21HrBaHxJcS._AC_.jpg", "image": "maxone-external-hdd.jpg"}}, {"model": "products.productreview", "pk": 1, "fields": {"product": 1, "user": 1, "content": "Amazing card", "rating": 5, "date_added": "2021-06-21T18:12:08.393Z"}}, {"model": "products.productreview", "pk": 2, "fields": {"product": 1, "user": 2, "content": "hfjklahfjkdashjfklsdhjklfjhsdklfklsdjfklj fkjldsjhfnl;sdajfkl;sdjfkl;sjl;fjsdl;gfjsldjgl;sdg\r\ngdjgkalsjgldsgsdgsg\r\nhfjklahfjkdashjfklsdhjklfjhsdklfklsdjfklj fkjldsjhfnl;sdajfkl;sdjfkl;sjl;fjsdl;gfjsldjgl;sdg\r\ngdjgkalsjgldsgsdgsghfjklahfjkdashjfklsdhjklfjhsdklfklsdjfklj fkjldsjhfnl;sdajfkl;sdjfkl;sjl;fjsdl;gfjsldjgl;sdg\r\ngdjgkalsjgldsgsdgsghfjklahfjkdashjfklsdhjklfjhsdklfklsdjfklj fkjldsjhfnl;sdajfkl;sdjfkl;sjl;fjsdl;gfjsldjgl;sdg\r\ngdjgkalsjgldsgsdgsg", "rating": 1, "date_added": "2021-06-21T18:39:19.099Z"}}, {"model": "products.productreview", "pk": 3, "fields": {"product": 2, "user": 1, "content": "dfd", "rating": 3, "date_added": "2021-06-21T19:48:11.231Z"}}, {"model": "products.productreview", "pk": 4, "fields": {"product": 1, "user": 1, "content": "fsfsf", "rating": 4, "date_added": "2021-06-21T19:48:53.057Z"}}, {"model": "products.productreview", "pk": 5, "fields": {"product": 1, "user": 1, "content": "Testing to add review", "rating": 3, "date_added": "2021-06-21T19:49:00.689Z"}}, {"model": "products.productreview", "pk": 6, "fields": {"product": 12, "user": 1, "content": "Great product, would definitely recommend to friends", "rating": 5, "date_added": "2021-06-21T20:02:19.888Z"}}, {"model": "products.productreview", "pk": 7, "fields": {"product": 12, "user": 1, "content": "hmmmmmm ", "rating": 5, "date_added": "2021-06-21T20:02:27.311Z"}}, {"model": "products.productreview", "pk": 8, "fields": {"product": 12, "user": 1, "content": "fddsfsf", "rating": 3, "date_added": "2021-06-21T20:02:52.745Z"}}, {"model": "products.productreview", "pk": 9, "fields": {"product": 12, "user": 1, "content": "fdsfsdf", "rating": 3, "date_added": "2021-06-21T20:02:57.388Z"}}, {"model": "products.productreview", "pk": 10, "fields": {"product": 1, "user": 1, "content": "I wish I could get one ", "rating": 1, "date_added": "2021-06-21T20:03:45.638Z"}}, {"model": "products.productreview", "pk": 11, "fields": {"product": 1, "user": 1, "content": "", "rating": 5, "date_added": "2021-06-21T20:12:52.826Z"}}, {"model": "products.productreview", "pk": 12, "fields": {"product": 7, "user": 1, "content": "cool ", "rating": 2, "date_added": "2021-06-21T20:19:22.350Z"}}, {"model": "products.productreview", "pk": 13, "fields": {"product": 1, "user": 1, "content": "sdsdd", "rating": 4, "date_added": "2021-06-21T20:24:19.647Z"}}, {"model": "products.productreview", "pk": 14, "fields": {"product": 2, "user": 1, "content": "", "rating": 5, "date_added": "2021-06-21T20:31:01.190Z"}}, {"model": "products.productreview", "pk": 15, "fields": {"product": 2, "user": 1, "content": "jfj", "rating": 1, "date_added": "2021-06-21T20:31:19.991Z"}}, {"model": "products.productreview", "pk": 16, "fields": {"product": 2, "user": 1, "content": "hfdh", "rating": 1, "date_added": "2021-06-21T20:31:24.705Z"}}, {"model": "products.productreview", "pk": 17, "fields": {"product": 2, "user": 1, "content": "dsds", "rating": 4, "date_added": "2021-06-21T20:41:20.785Z"}}, {"model": "products.productreview", "pk": 19, "fields": {"product": 1, "user": 1, "content": "fsfasf", "rating": 4, "date_added": "2021-06-21T21:03:51.569Z"}}, {"model": "products.productreview", "pk": 20, "fields": {"product": 3, "user": 1, "content": "fsfsdf", "rating": 4, "date_added": "2021-06-21T21:41:08.801Z"}}, {"model": "checkout.order", "pk": 18, "fields": {"order_number": "E6F11F022E2B47B49F6E3747AE76C374", "user_profile": null, "full_name": "Jason Wong", "email": "Jaewong19@hotmail.co.uk", "phone_number": "07749142804", "country": "GB", "postcode": "CF82 7RB", "town_or_city": "Hengoed", "street_address1": "14 Gellideg Isaf Rise", "street_address2": "Maesycwmmer", "county": "Select One", "date": "2021-06-18T18:29:49.281Z", "delivery_cost": "0.00", "order_total": "1700.00", "grand_total": "1700.00", "original_bag": "{\"2\": 2}", "stripe_pid": "pi_1J3mRjAPbj4ekIUprnRxQVyE"}}, {"model": "checkout.order", "pk": 19, "fields": {"order_number": "3322AFA8AB6442FD9659EF3E1A960E34", "user_profile": null, "full_name": "Jason Wong", "email": "Jaewong19@hotmail.co.uk", "phone_number": "07749142804", "country": "GB", "postcode": "CF82 7RB", "town_or_city": "Hengoed", "street_address1": "14 Gellideg Isaf Rise", "street_address2": "Maesycwmmer", "county": "Select One", "date": "2021-06-18T18:32:57.842Z", "delivery_cost": "0.00", "order_total": "500.00", "grand_total": "500.00", "original_bag": "{\"3\": 1}", "stripe_pid": "pi_1J3mUnAPbj4ekIUpKwzC1Lbd"}}, {"model": "checkout.order", "pk": 20, "fields": {"order_number": "38653D01578546369C1904D8120B1820", "user_profile": null, "full_name": "Jason Wong", "email": "Jaewong19@hotmail.co.uk", "phone_number": "07749142804", "country": "GB", "postcode": "CF82 7RB", "town_or_city": "Hengoed", "street_address1": "14 Gellideg Isaf Rise", "street_address2": "Maesycwmmer", "county": "Select One", "date": "2021-06-18T19:02:11.369Z", "delivery_cost": "0.00", "order_total": "89.00", "grand_total": "89.00", "original_bag": "{\"10\": 1}", "stripe_pid": "pi_1J3mwzAPbj4ekIUpGWaeE8Nn"}}, {"model": "checkout.order", "pk": 21, "fields": {"order_number": "4B27D8068AF9459EA792A8FA04A302CF", "user_profile": null, "full_name": "Jason Wong", "email": "Jaewong19@hotmail.co.uk", "phone_number": "07749142804", "country": "GB", "postcode": "CF82 7RB", "town_or_city": "Hengoed", "street_address1": "14 Gellideg Isaf Rise", "street_address2": "Maesycwmmer", "county": "Select One", "date": "2021-06-18T19:32:23.727Z", "delivery_cost": "0.00", "order_total": "89.00", "grand_total": "89.00", "original_bag": "{\"10\": 1}", "stripe_pid": "pi_1J3nQJAPbj4ekIUp24VtZUsw"}}, {"model": "checkout.order", "pk": 22, "fields": {"order_number": "80EE4C9EF8014BBA999D2A831F0C193F", "user_profile": null, "full_name": "Jason Wong", "email": "Jaewong19@hotmail.co.uk", "phone_number": "07749142804", "country": "GB", "postcode": "CF82 7RB", "town_or_city": "Hengoed", "street_address1": "14 Gellideg Isaf Rise", "street_address2": "Maesycwmmer", "county": "fdsfsdfsdf", "date": "2021-06-18T19:36:21.539Z", "delivery_cost": "0.00", "order_total": "356.00", "grand_total": "356.00", "original_bag": "{\"10\": 4}", "stripe_pid": "pi_1J3nU3APbj4ekIUpMRn4eyu1"}}, {"model": "checkout.order", "pk": 23, "fields": {"order_number": "363872476529452CAA104AF3CE41F9E0", "user_profile": null, "full_name": "Jason Wong", "email": "Jaewong19@hotmail.co.uk", "phone_number": "07749142804", "country": "GB", "postcode": "CF82 7RB", "town_or_city": "Hengoed", "street_address1": "14 Gellideg Isaf Rise", "street_address2": "Maesycwmmer", "county": "Select One", "date": "2021-06-18T19:46:23.706Z", "delivery_cost": "0.00", "order_total": "169.00", "grand_total": "169.00", "original_bag": "{\"11\": 1}", "stripe_pid": "pi_1J3ndpAPbj4ekIUppCqIomdA"}}, {"model": "checkout.order", "pk": 24, "fields": {"order_number": "B14F993B10F048EBA4B99BB99AD29A9E", "user_profile": null, "full_name": "Jason Wong", "email": "Jaewong19@hotmail.co.uk", "phone_number": "dsadasdad", "country": "GB", "postcode": "CF82 7RB", "town_or_city": "Hengoed", "street_address1": "14 Gellideg Isaf Rise", "street_address2": "Maesycwmmer", "county": "Select One", "date": "2021-06-18T20:00:34.240Z", "delivery_cost": "0.00", "order_total": "89.00", "grand_total": "89.00", "original_bag": "{\"10\": 1}", "stripe_pid": "pi_1J3nrRAPbj4ekIUpkv93snCu"}}, {"model": "checkout.order", "pk": 25, "fields": {"order_number": "F631323406F34FF39906D94775F2832F", "user_profile": 1, "full_name": "Jason Wong", "email": "Jaewong19@hotmail.co.uk", "phone_number": "07749142804", "country": "GB", "postcode": "CF82 7RB", "town_or_city": "Hengoed", "street_address1": "14 Gellideg Isaf Rise", "street_address2": "Maesycwmmer", "county": "Cardiff", "date": "2021-06-18T20:27:48.441Z", "delivery_cost": "0.00", "order_total": "89.00", "grand_total": "89.00", "original_bag": "{\"10\": 1}", "stripe_pid": "pi_1J3oHpAPbj4ekIUpoO1LCBrH"}}, {"model": "checkout.order", "pk": 26, "fields": {"order_number": "9492A684BA544DA8BDFCF2FA09DDBAFF", "user_profile": 1, "full_name": "TEST AGAIN", "email": "jaewong19@hotmail.co.uk", "phone_number": "0404040404", "country": "GB", "postcode": "dsadsadasd", "town_or_city": "dasdsad", "street_address1": "01 cool street", "street_address2": "asdasdsad", "county": "Cardiff", "date": "2021-06-18T20:52:56.010Z", "delivery_cost": "0.00", "order_total": "1429.00", "grand_total": "1429.00", "original_bag": "{\"1\": 1, \"12\": 1}", "stripe_pid": "pi_1J3ofyAPbj4ekIUpHA59YwyS"}}, {"model": "checkout.order", "pk": 27, "fields": {"order_number": "1D465DDD1D1E4F228F57C758C6DBD0CE", "user_profile": 1, "full_name": "testing confirmation email", "email": "jaewong19@hotmail.co.uk", "phone_number": "0404040404", "country": "GB", "postcode": "dsadsadasd", "town_or_city": "dasdsad", "street_address1": "01 cool street", "street_address2": "asdasdsad", "county": "Cardiff", "date": "2021-06-18T21:07:49.503Z", "delivery_cost": "0.00", "order_total": "89.00", "grand_total": "89.00", "original_bag": "{\"10\": 1}", "stripe_pid": "pi_1J3ouRAPbj4ekIUpIcafl24S"}}, {"model": "checkout.order", "pk": 28, "fields": {"order_number": "72ABEEFF9AEB4AFFBCA5263DCCFEF298", "user_profile": 1, "full_name": "TESTING WH", "email": "jaewong19@hotmail.co.uk", "phone_number": "0404040404", "country": "GB", "postcode": "CF82 7RB", "town_or_city": "dasdsad", "street_address1": "01 cool street", "street_address2": "asdasdsad", "county": "Cardiff", "date": "2021-06-18T21:16:51.420Z", "delivery_cost": "0.00", "order_total": "450.00", "grand_total": "450.00", "original_bag": "{\"4\": 1}", "stripe_pid": "pi_1J3p3BAPbj4ekIUpmkQ0sMTO"}}, {"model": "checkout.order", "pk": 29, "fields": {"order_number": "E51CFF55152A440B9FA06D830EB9357D", "user_profile": 1, "full_name": "testing webhook", "email": "jaewong19@hotmail.co.uk", "phone_number": "0404040404", "country": "GB", "postcode": "CF82 7RB", "town_or_city": "dasdsad", "street_address1": "01 cool street", "street_address2": "asdasdsad", "county": "Cardiff", "date": "2021-06-18T21:21:51.225Z", "delivery_cost": "0.00", "order_total": "850.00", "grand_total": "850.00", "original_bag": "{\"2\": 1}", "stripe_pid": "pi_1J3p8AAPbj4ekIUpR1FPg5mu"}}, {"model": "checkout.order", "pk": 30, "fields": {"order_number": "45BD290AE00242DC806043E76BF324A6", "user_profile": 1, "full_name": "testing wh", "email": "jaewong19@hotmail.co.uk", "phone_number": "0404040404", "country": "GB", "postcode": "CF82 7RB", "town_or_city": "dasdsad", "street_address1": "01 cool street", "street_address2": "asdasdsad", "county": "Cardiff", "date": "2021-06-18T21:24:14.781Z", "delivery_cost": "0.00", "order_total": "169.00", "grand_total": "169.00", "original_bag": "{\"11\": 1}", "stripe_pid": "pi_1J3pAUAPbj4ekIUpwovT8fGj"}}, {"model": "checkout.order", "pk": 31, "fields": {"order_number": "9B4EA64D019149878B5F01E271BC4361", "user_profile": 1, "full_name": "testing wh", "email": "jaewong19@hotmail.co.uk", "phone_number": "0404040404", "country": "GB", "postcode": "CF82 7RB", "town_or_city": "dasdsad", "street_address1": "01 cool street", "street_address2": "asdasdsad", "county": "Cardiff", "date": "2021-06-18T21:25:34.122Z", "delivery_cost": "0.00", "order_total": "350.00", "grand_total": "350.00", "original_bag": "{\"5\": 1}", "stripe_pid": "pi_1J3pBnAPbj4ekIUp1OYimCEF"}}, {"model": "checkout.order", "pk": 32, "fields": {"order_number": "60936687DC1347A9877D492DA6408E9C", "user_profile": 1, "full_name": "testing", "email": "jaewong19@hotmail.co.uk", "phone_number": "0404040404", "country": "GB", "postcode": "CF82 7RB", "town_or_city": "dasdsad", "street_address1": "01 cool street", "street_address2": "asdasdsad", "county": "Cardiff", "date": "2021-06-18T21:27:22.404Z", "delivery_cost": "0.00", "order_total": "500.00", "grand_total": "500.00", "original_bag": "{\"3\": 1}", "stripe_pid": "pi_1J3pDZAPbj4ekIUp4kQxOJ85"}}, {"model": "checkout.order", "pk": 33, "fields": {"order_number": "CB71DB5B99B6409299ADA8F68C5ED8BA", "user_profile": 1, "full_name": "TESTING WH", "email": "jaewong19@hotmail.co.uk", "phone_number": "0404040404", "country": "GB", "postcode": "CF82 7RB", "town_or_city": "dasdsad", "street_address1": "01 cool street", "street_address2": "asdasdsad", "county": "Cardiff", "date": "2021-06-18T21:34:24.578Z", "delivery_cost": "0.00", "order_total": "169.00", "grand_total": "169.00", "original_bag": "{\"11\": 1}", "stripe_pid": "pi_1J3pKMAPbj4ekIUpkcSwVqkN"}}, {"model": "checkout.order", "pk": 34, "fields": {"order_number": "D3A2564C70BB4E94833D4B1E8A9E822E", "user_profile": 1, "full_name": "TTTTT", "email": "jaewong19@hotmail.co.uk", "phone_number": "0404040404", "country": "GB", "postcode": "CF82 7RB", "town_or_city": "dasdsad", "street_address1": "01 cool street", "street_address2": "asdasdsad", "county": "Cardiff", "date": "2021-06-18T21:37:09.822Z", "delivery_cost": "0.00", "order_total": "89.00", "grand_total": "89.00", "original_bag": "{\"10\": 1}", "stripe_pid": "pi_1J3pN3APbj4ekIUpQHNwmRcL"}}, {"model": "checkout.order", "pk": 35, "fields": {"order_number": "01BACB24267B4CD3A9CC6D9CE49D2067", "user_profile": 1, "full_name": "TTTT", "email": "jaewong19@hotmail.co.uk", "phone_number": "0404040404", "country": "GB", "postcode": "CF82 7RB", "town_or_city": "dasdsad", "street_address1": "01 cool street", "street_address2": "asdasdsad", "county": "Cardiff", "date": "2021-06-18T21:38:52.914Z", "delivery_cost": "0.00", "order_total": "169.00", "grand_total": "169.00", "original_bag": "{\"11\": 1}", "stripe_pid": "pi_1J3pOiAPbj4ekIUpaApS19uA"}}, {"model": "checkout.order", "pk": 36, "fields": {"order_number": "CC117D8A49784976BB905D6DACFB7672", "user_profile": 1, "full_name": "tttttt", "email": "jaewong19@hotmail.co.uk", "phone_number": "0404040404", "country": "GB", "postcode": "CF82 7RB", "town_or_city": "dasdsad", "street_address1": "01 cool street", "street_address2": "asdasdsad", "county": "Cardiff", "date": "2021-06-18T21:40:22.886Z", "delivery_cost": "0.00", "order_total": "450.00", "grand_total": "450.00", "original_bag": "{\"4\": 1}", "stripe_pid": "pi_1J3pQAAPbj4ekIUp1W3CSF1v"}}, {"model": "checkout.orderlineitem", "pk": 27, "fields": {"order": 18, "product": 2, "quantity": 2, "lineitem_total": "1700.00"}}, {"model": "checkout.orderlineitem", "pk": 28, "fields": {"order": 19, "product": 3, "quantity": 1, "lineitem_total": "500.00"}}, {"model": "checkout.orderlineitem", "pk": 29, "fields": {"order": 20, "product": 10, "quantity": 1, "lineitem_total": "89.00"}}, {"model": "checkout.orderlineitem", "pk": 30, "fields": {"order": 21, "product": 10, "quantity": 1, "lineitem_total": "89.00"}}, {"model": "checkout.orderlineitem", "pk": 31, "fields": {"order": 22, "product": 10, "quantity": 4, "lineitem_total": "356.00"}}, {"model": "checkout.orderlineitem", "pk": 32, "fields": {"order": 23, "product": 11, "quantity": 1, "lineitem_total": "169.00"}}, {"model": "checkout.orderlineitem", "pk": 33, "fields": {"order": 24, "product": 10, "quantity": 1, "lineitem_total": "89.00"}}, {"model": "checkout.orderlineitem", "pk": 34, "fields": {"order": 25, "product": 10, "quantity": 1, "lineitem_total": "89.00"}}, {"model": "checkout.orderlineitem", "pk": 35, "fields": {"order": 26, "product": 1, "quantity": 1, "lineitem_total": "1400.00"}}, {"model": "checkout.orderlineitem", "pk": 36, "fields": {"order": 26, "product": 12, "quantity": 1, "lineitem_total": "29.00"}}, {"model": "checkout.orderlineitem", "pk": 37, "fields": {"order": 27, "product": 10, "quantity": 1, "lineitem_total": "89.00"}}, {"model": "checkout.orderlineitem", "pk": 38, "fields": {"order": 28, "product": 4, "quantity": 1, "lineitem_total": "450.00"}}, {"model": "checkout.orderlineitem", "pk": 39, "fields": {"order": 29, "product": 2, "quantity": 1, "lineitem_total": "850.00"}}, {"model": "checkout.orderlineitem", "pk": 40, "fields": {"order": 30, "product": 11, "quantity": 1, "lineitem_total": "169.00"}}, {"model": "checkout.orderlineitem", "pk": 41, "fields": {"order": 31, "product": 5, "quantity": 1, "lineitem_total": "350.00"}}, {"model": "checkout.orderlineitem", "pk": 42, "fields": {"order": 32, "product": 3, "quantity": 1, "lineitem_total": "500.00"}}, {"model": "checkout.orderlineitem", "pk": 43, "fields": {"order": 33, "product": 11, "quantity": 1, "lineitem_total": "169.00"}}, {"model": "checkout.orderlineitem", "pk": 44, "fields": {"order": 34, "product": 10, "quantity": 1, "lineitem_total": "89.00"}}, {"model": "checkout.orderlineitem", "pk": 45, "fields": {"order": 35, "product": 11, "quantity": 1, "lineitem_total": "169.00"}}, {"model": "checkout.orderlineitem", "pk": 46, "fields": {"order": 36, "product": 4, "quantity": 1, "lineitem_total": "450.00"}}, {"model": "profiles.userprofile", "pk": 1, "fields": {"user": 1, "default_phone_number": "0404040404", "default_street_address1": "01 cool street", "default_street_address2": "asdasdsad", "default_town_or_city": "dasdsad", "default_county": "Cardiff", "default_postcode": "CF82 7RB", "default_country": "GB"}}, {"model": "profiles.userprofile", "pk": 2, "fields": {"user": 2, "default_phone_number": null, "default_street_address1": null, "default_street_address2": null, "default_town_or_city": null, "default_county": null, "default_postcode": null, "default_country": null}}, {"model": "profiles.userprofile", "pk": 3, "fields": {"user": 3, "default_phone_number": null, "default_street_address1": null, "default_street_address2": null, "default_town_or_city": null, "default_county": null, "default_postcode": null, "default_country": null}}]